{
  "name": {
    "precision": 0.9559748427672956,
    "recall": 0.95,
    "f1-score": 0.9529780564263324,
    "support": 160,
    "confused_with": {
      "others_person_sex": 2
    }
  },
  "others_person_sex": {
    "precision": 0.8181818181818182,
    "recall": 0.9,
    "f1-score": 0.8571428571428572,
    "support": 40,
    "confused_with": {
      "cust_sex": 2
    }
  },
  "cust_transfer_account_money": {
    "precision": 0.0,
    "recall": 0.0,
    "f1-score": 0.0,
    "support": 4,
    "confused_with": {}
  },
  "cmnd": {
    "precision": 1.0,
    "recall": 0.9333333333333333,
    "f1-score": 0.9655172413793104,
    "support": 30,
    "confused_with": {
      "cust_account_number": 2
    }
  },
  "service_name": {
    "precision": 0.9951456310679612,
    "recall": 0.9647058823529412,
    "f1-score": 0.979689366786141,
    "support": 425,
    "confused_with": {}
  },
  "currency_from": {
    "precision": 0.5675675675675675,
    "recall": 0.5833333333333334,
    "f1-score": 0.5753424657534246,
    "support": 36,
    "confused_with": {
      "currency_to": 8
    }
  },
  "number": {
    "precision": 0.9285714285714286,
    "recall": 0.896551724137931,
    "f1-score": 0.912280701754386,
    "support": 29,
    "confused_with": {}
  },
  "currency_to": {
    "precision": 0.6071428571428571,
    "recall": 0.68,
    "f1-score": 0.6415094339622641,
    "support": 25,
    "confused_with": {
      "currency_from": 4
    }
  },
  "cust_account_number": {
    "precision": 0.9047619047619048,
    "recall": 1.0,
    "f1-score": 0.9500000000000001,
    "support": 19,
    "confused_with": {}
  },
  "cust_name": {
    "precision": 0.0,
    "recall": 0.0,
    "f1-score": 0.0,
    "support": 3,
    "confused_with": {
      "name": 3
    }
  },
  "cust_sex": {
    "precision": 0.918918918918919,
    "recall": 0.9714285714285714,
    "f1-score": 0.9444444444444445,
    "support": 140,
    "confused_with": {
      "name": 1
    }
  },
  "currency": {
    "precision": 0.0,
    "recall": 0.0,
    "f1-score": 0.0,
    "support": 3,
    "confused_with": {
      "currency_to": 1,
      "currency_from": 1
    }
  },
  "micro avg": {
    "precision": 0.9337016574585635,
    "recall": 0.9245076586433261,
    "f1-score": 0.9290819131390874,
    "support": 914
  },
  "macro avg": {
    "precision": 0.6413554140816461,
    "recall": 0.6566127370488425,
    "f1-score": 0.6482420473040967,
    "support": 914
  },
  "weighted avg": {
    "precision": 0.9266945742917106,
    "recall": 0.9245076586433261,
    "f1-score": 0.925135808127676,
    "support": 914
  }
}